,year,state,state_po,candidatevotes_dem,candidatevotes_rep,voteso,totalvotes,raw_lean,adjusted_lean
0,1968.0,Alaska,AK,324153.0,309610.0,0.0,633763.0,-0.022947063807764068,0.04710473585465813
1,1968.0,Arizona,AZ,640968.0,676366.0,0.0,1317334.0,0.026870937818351315,0.09692273748077351
2,1968.0,Arkansas,AR,422690.0,110481.0,201163.0,734334.0,-0.4251593961330947,-0.3551075964706725
3,1968.0,California,CA,4848533.0,5671735.0,13862.0,10534130.0,0.07814617818462466,0.14819797784704686
4,1968.0,Colorado,CO,518438.0,594328.0,4077.0,1116843.0,0.06795046394166415,0.13800226360408635
5,1968.0,Connecticut,CT,1242168.0,1146015.0,408.0,2388591.0,-0.04025511274219823,0.02979668692022397
6,1968.0,Delaware,DE,168794.0,228214.0,0.0,397008.0,0.14966952806996336,0.21972132773238556
7,1968.0,Florida,FL,10215272.0,6825561.0,40717.0,17081550.0,-0.1984428228117472,-0.128391023149325
8,1968.0,Georgia,GA,2847072.0,932982.0,28597.0,3808651.0,-0.5025637686414428,-0.4325119689790206
9,1968.0,Hawaii,HI,606850.0,407901.0,0.0,1014751.0,-0.1960569637280476,-0.1260051640656254
10,1968.0,Idaho,ID,323524.0,373695.0,1934.0,699153.0,0.07175968636335678,0.14181148602577898
11,1968.0,Illinois,IL,6315439.0,6679673.0,41730.0,13036842.0,0.02793882138020848,0.09799062104263068
12,1968.0,Indiana,IN,6323753.0,7412393.0,0.0,13736146.0,0.07925367129906746,0.14930547096148966
13,1968.0,Iowa,IA,732110.0,907497.0,0.0,1639607.0,0.10696892609021552,0.17702072575263772
14,1968.0,Kansas,KS,1127637.0,1362039.0,0.0,2489676.0,0.0941496001889402,0.1642013998513624
15,1968.0,Maine,ME,668294.0,525647.0,233.0,1194174.0,-0.11945244160398738,-0.04940064194156518
16,1968.0,Massachusetts,MA,3192515.0,1922754.0,33268.0,5148537.0,-0.2466255948048931,-0.1765737951424709
17,1968.0,Michigan,MI,1594799.0,1477016.0,3133.0,3074948.0,-0.038304062377640224,0.031747737284781974
18,1968.0,Missouri,MO,1295918.0,1079663.0,0.0,2375581.0,-0.09103246742586335,-0.020980667763441152
19,1968.0,Montana,MT,790199.0,791893.0,0.0,1582092.0,0.0010707341924489633,0.07112253385487116
20,1968.0,Nevada,NV,527150.0,512488.0,0.0,1039638.0,-0.014102985846996763,0.055948813815425436
21,1968.0,New Hampshire,NH,409259.0,517260.0,407.0,926926.0,0.11651523422581733,0.18656703388823953
22,1968.0,New Mexico,NM,157091.0,139533.0,1188.0,297812.0,-0.058956657219991104,0.011095142442431094
23,1968.0,New York,NY,5314028.0,5869808.0,463257.0,11647093.0,0.047718344826473025,0.11777014448889522
24,1968.0,North Dakota,ND,373958.0,520195.0,6941.0,901094.0,0.16228828512896548,0.23234008479138768
25,1968.0,Ohio,OH,2258267.0,2879868.0,0.0,5138135.0,0.12097794238571002,0.19102974204813222
26,1968.0,Oklahoma,OK,883095.0,383289.0,0.0,1266384.0,-0.3946717583292272,-0.324619958666805
27,1968.0,Oregon,OR,1648919.0,1854248.0,0.0,3503167.0,0.05861239272920765,0.12866419239162985
28,1968.0,Pennsylvania,PA,3379277.0,3276197.0,20276.0,6675750.0,-0.01544096168969783,0.05461083797272437
29,1968.0,Rhode Island,RI,429752.0,299093.0,0.0,728845.0,-0.17926856876290564,-0.10921676910048345
30,1968.0,South Carolina,SC,3179248.0,1060944.0,262803.0,4502995.0,-0.4704211308251508,-0.4003693311627286
31,1968.0,South Dakota,SD,439897.0,657011.0,4771.0,1101679.0,0.19707555467608984,0.26712735433851204
32,1968.0,Tennessee,TN,899954.0,741893.0,55562.0,1697409.0,-0.09311898310896194,-0.02306718344653974
33,1968.0,Texas,TX,8681260.0,4357518.0,0.0,13038778.0,-0.3316063821318225,-0.2615545824694003
34,1968.0,Utah,UT,281857.0,328546.0,0.0,610403.0,0.07648881149011388,0.14654061115253608
35,1968.0,Washington,WA,1349902.0,1283269.0,0.0,2633171.0,-0.025305230841445592,0.04474656882097661
36,1968.0,West Virginia,WV,1869637.0,1597231.0,7307.0,3474175.0,-0.07840883087351674,-0.008357031211094545
37,1968.0,Wisconsin,WI,1036927.0,1302584.0,0.0,2339511.0,0.11355236201069374,0.18360416167311594
38,1968.0,Wyoming,WY,329392.0,386970.0,0.0,716362.0,0.08037556430966464,0.15042736397208684
39,1972.0,Alabama,AL,4116695.0,111158.0,1503591.0,5731444.0,-0.6988704766198535,-0.5891694100680347
40,1972.0,Alaska,AK,549284.0,538131.0,7502.0,1094917.0,-0.010186160229496866,0.0995149063223219
41,1972.0,Arizona,AZ,1246839.0,1402477.0,15649.0,2664965.0,0.05840151746833455,0.16810258402015332
42,1972.0,Arkansas,AR,945707.0,448620.0,80000.0,1474327.0,-0.337161972886612,-0.2274609063347932
43,1972.0,California,CA,11265460.0,10453712.0,87588.0,21806760.0,-0.037224603746728036,0.07247646280509074
44,1972.0,Colorado,CO,930441.0,1143119.0,41072.0,2114632.0,0.1005744734781277,0.21027554002994647
45,1972.0,Connecticut,CT,2287310.0,2494643.0,12447.0,4794400.0,0.04324482729851492,0.1529458938503337
46,1972.0,Delaware,DE,320539.0,341908.0,0.0,662447.0,0.032257674953618976,0.14195874150543775
47,1972.0,Florida,FL,7385353.0,7720139.0,48741.0,15154233.0,0.022091913196794544,0.13179297974861331
48,1972.0,Georgia,GA,4651007.0,1219979.0,3665.0,5874651.0,-0.5840394603866681,-0.4743383938348493
49,1972.0,Hawaii,HI,1050018.0,583932.0,0.0,1633950.0,-0.28525107867437804,-0.17555001212255927
50,1972.0,Idaho,ID,655188.0,770530.0,7177.0,1432895.0,0.0804957795232728,0.19019684607509157
51,1972.0,Illinois,IL,16031199.0,15147564.0,49167.0,31227930.0,-0.028296303981724058,0.08140476257009471
52,1972.0,Indiana,IN,7346945.0,7504666.0,911.0,14852522.0,0.010619139294996527,0.1203202058468153
53,1972.0,Iowa,IA,1646152.0,1804816.0,2548.0,3453516.0,0.0459427435691625,0.15564381012098127
54,1972.0,Kansas,KS,974405.0,1289540.0,4526.0,2268471.0,0.13891956300080538,0.24862062955262415
55,1972.0,Kentucky,KY,1025581.0,776930.0,5627.0,1808138.0,-0.1375177115905976,-0.027816645038778842
56,1972.0,Maine,ME,1179302.0,971146.0,11159.0,2161607.0,-0.09629687542647664,0.013404191125342135
57,1972.0,Maryland,MD,2965157.0,1645004.0,12223.0,4622384.0,-0.28560002803748025,-0.17589896148566148
58,1972.0,Massachusetts,MA,6151328.0,2960115.0,238823.0,9350266.0,-0.34129649359708053,-0.23159542704526176
59,1972.0,Michigan,MI,4323859.0,3777765.0,14184.0,8115808.0,-0.06728769335105017,0.0424133732007686
60,1972.0,Mississippi,MS,2747114.0,190236.0,221452.0,3158802.0,-0.8094454796470307,-0.699744413095212
61,1972.0,Missouri,MO,2321339.0,1918164.0,1178.0,4240681.0,-0.0950731733888967,0.014627893162922068
62,1972.0,Montana,MT,1950786.0,1691397.0,12078.0,3654261.0,-0.07098261454231097,0.0387184520095078
63,1972.0,Nevada,NV,784498.0,651859.0,17951.0,1454308.0,-0.09120420158590886,0.01849686496590991
64,1972.0,New Hampshire,NH,779209.0,1057131.0,3004.0,1839344.0,0.15109843509425103,0.2607995016460698
65,1972.0,New Jersey,NJ,6547843.0,7062912.0,502250.0,14113005.0,0.036496054525595345,0.14619712107741412
66,1972.0,New Mexico,NM,590125.0,460516.0,0.0,1050641.0,-0.1233618333950417,-0.013660766843222927
67,1972.0,New York,NY,10517166.0,11716221.0,1074940.0,23308327.0,0.051443203109343694,0.16114426966116246
68,1972.0,North Carolina,NC,6474692.0,3999845.0,33389.0,10507926.0,-0.23552192887540324,-0.12582086232358447
69,1972.0,North Dakota,ND,813379.0,1160197.0,3877.0,1977453.0,0.17538621651184633,0.2850872830636651
70,1972.0,Ohio,OH,5009592.0,4767654.0,30160.0,9807406.0,-0.024668908373936982,0.08503215817788179
71,1972.0,Oklahoma,OK,1103597.0,617257.0,1679.0,1722533.0,-0.2823400190301144,-0.17263895247829564
72,1972.0,Oregon,OR,2270804.0,1946369.0,31436.0,4248609.0,-0.07636264010173677,0.033338426450082004
73,1972.0,Pennsylvania,PA,6172461.0,5890090.0,12093.0,12074644.0,-0.023385451364031917,0.08631561518778685
74,1972.0,Rhode Island,RI,835698.0,572912.0,9635.0,1418245.0,-0.18528956562512117,-0.0755884990733024
75,1972.0,South Carolina,SC,4872423.0,2481679.0,28207.0,7382309.0,-0.32384772840042325,-0.21414666184860448
76,1972.0,South Dakota,SD,1221927.0,1235491.0,2924.0,2460342.0,0.0055130546891448695,0.11521412124096364
77,1972.0,Tennessee,TN,1507014.0,1281848.0,88561.0,2877423.0,-0.07825265871580228,0.03144840783601649
78,1972.0,Texas,TX,12646474.0,4745037.0,68435.0,17459946.0,-0.4525464740841696,-0.3428454075323508
79,1972.0,Utah,UT,671578.0,739574.0,4382.0,1415534.0,0.04803558233147348,0.15773664888329225
80,1972.0,Virginia,VA,2906924.0,1547460.0,777212.0,5231596.0,-0.25985645680591546,-0.1501553902540967
81,1972.0,Washington,WA,2945760.0,2567427.0,7122.0,5520309.0,-0.0685347505003796,0.04116631605143917
82,1972.0,West Virginia,WV,3044921.0,2628641.0,1873.0,5675435.0,-0.07334768171955103,0.03635338483226774
83,1972.0,Wisconsin,WI,2429703.0,2129957.0,30116.0,4589776.0,-0.065307326544912,0.04439374000690677
84,1972.0,Wyoming,WY,719365.0,837960.0,2988.0,1560313.0,0.07600718573773341,0.18570825228955218
85,1976.0,Alabama,AL,887293.0,66387.0,46576.0,1000256.0,-0.8206959018491267,-0.6326688049315923
86,1976.0,Alaska,AK,352754.0,288404.0,22842.0,664000.0,-0.09691265060240961,0.09111444631512472
87,1976.0,Arizona,AZ,1582277.0,1614493.0,27573.0,3224343.0,0.009991492840557004,0.19801858975809133
88,1976.0,Arkansas,AR,114465.0,64591.0,4202.0,183258.0,-0.27215182966091517,-0.08412473274338084
89,1976.0,California,CA,11017359.0,8300325.0,148369.0,19466053.0,-0.1395780644386409,0.04844903247889343
90,1976.0,Colorado,CO,1385174.0,1195887.0,11115.0,2592176.0,-0.0730224336619118,0.11500466325562253
91,1976.0,Connecticut,CT,2581987.0,2178501.0,5272.0,4765760.0,-0.08466351641710873,0.1033635805004256
92,1976.0,Delaware,DE,271463.0,267619.0,1743.0,540825.0,-0.00710765959413856,0.18091943732339577
93,1976.0,Florida,FL,6685238.0,5221133.0,190801.0,12097172.0,-0.1210286999308599,0.06699839698667442
94,1976.0,Georgia,GA,4255363.0,856562.0,9762.0,5121687.0,-0.6636096661119667,-0.47558256919443237
95,1976.0,Hawaii,HI,1075963.0,641861.0,6016.0,1723840.0,-0.25182267495823285,-0.06379557804069852
96,1976.0,Idaho,ID,681480.0,892996.0,17209.0,1591685.0,0.13288810285954816,0.3209151997770825
97,1976.0,Illinois,IL,13846698.0,11327641.0,127111.0,25301450.0,-0.0995617642467132,0.08846533267082113
98,1976.0,Indiana,IN,4264932.0,3810385.0,0.0,8075317.0,-0.05628844044140929,0.13173865647612504
99,1976.0,Iowa,IA,1591119.0,1415205.0,1349.0,3007673.0,-0.05848840615319545,0.12953869076433888
100,1976.0,Kansas,KS,1132115.0,1260084.0,7721.0,2399920.0,0.053322194073135765,0.2413492909906701
101,1976.0,Kentucky,KY,1165146.0,587877.0,729.0,1753752.0,-0.32916227608008436,-0.14113517916255003
102,1976.0,Maine,ME,1237261.0,846463.0,80506.0,2164230.0,-0.18057138104545262,0.007455715872081714
103,1976.0,Maryland,MD,1961591.0,804142.0,18343.0,2784076.0,-0.41573900999829033,-0.227711913080756
104,1976.0,Massachusetts,MA,5174256.0,1905778.0,327341.0,7407375.0,-0.4412464604532645,-0.25321936353573016
105,1976.0,Michigan,MI,4664427.0,3425136.0,4479.0,8094042.0,-0.15311151091135922,0.034915586006175114
106,1976.0,Minnesota,MN,2798710.0,1913480.0,76834.0,4789024.0,-0.18484559693165037,0.003181499985883962
107,1976.0,Mississippi,MS,1704586.0,159972.0,46791.0,1911349.0,-0.8081276627136122,-0.6201005657960779
108,1976.0,Missouri,MO,2510630.0,1607989.0,3730.0,4122349.0,-0.21896278068644848,-0.030935683768914146
109,1976.0,Montana,MT,493706.0,430440.0,7129.0,931275.0,-0.06793482054173039,0.12009227637580394
110,1976.0,Nevada,NV,580445.0,358326.0,31196.0,969967.0,-0.22899645039470412,-0.04096935347716979
111,1976.0,New Hampshire,NH,915420.0,1051629.0,6904.0,1973953.0,0.06900316268928391,0.25703025960681825
112,1976.0,New Jersey,NJ,5361630.0,4087406.0,87357.0,9536393.0,-0.1336169765654583,0.05441012035207604
113,1976.0,New Mexico,NM,595788.0,378485.0,1016.0,975289.0,-0.2228088289727455,-0.03478173205521118
114,1976.0,New York,NY,10746332.0,9854104.0,376531.0,20976967.0,-0.04253369898517739,0.14549339793235694
115,1976.0,North Carolina,NC,9222947.0,3379272.0,40383.0,12642602.0,-0.46222090990446435,-0.27419381298693
116,1976.0,North Dakota,ND,885451.0,898679.0,6268.0,1790398.0,0.007388301372097172,0.1954153982896315
117,1976.0,Ohio,OH,5253988.0,4318863.0,66910.0,9639761.0,-0.0970070731006713,0.09102002381686303
118,1976.0,Oklahoma,OK,550091.0,514741.0,0.0,1064832.0,-0.033197725087149854,0.15482937183038448
119,1976.0,Oregon,OR,1380219.0,1028416.0,40815.0,2449450.0,-0.14362530363959264,0.04440179327794169
120,1976.0,Pennsylvania,PA,6398246.0,5110341.0,10907.0,11519494.0,-0.11180221978500099,0.07622487713253334
121,1976.0,Rhode Island,RI,886351.0,394067.0,6320.0,1286738.0,-0.38258293452124675,-0.19455583760371242
122,1976.0,South Carolina,SC,2886135.0,794424.0,8647.0,3689206.0,-0.5669813504586082,-0.37895425354107387
123,1976.0,South Dakota,SD,1341533.0,1444780.0,5144.0,2791457.0,0.03698677787263066,0.225013874790165
124,1976.0,Tennessee,TN,1733749.0,1024937.0,65926.0,2824612.0,-0.25094136823039764,-0.06291427131286331
125,1976.0,Texas,TX,6150016.0,1920351.0,29596.0,8099963.0,-0.5221832494790408,-0.3341561525615065
126,1976.0,Utah,UT,640168.0,665462.0,25954.0,1331584.0,0.01899542199365567,0.20702251891119
127,1976.0,Virginia,VA,3208875.0,1552161.0,455264.0,5216300.0,-0.31760328201982246,-0.12957618510228813
128,1976.0,Washington,WA,3160316.0,2458815.0,27753.0,5646884.0,-0.12422798130792134,0.06379911560961299
129,1976.0,West Virginia,WV,3756389.0,1869370.0,4972.0,5630731.0,-0.33512860053161836,-0.14710150361408403
130,1976.0,Wisconsin,WI,2563250.0,1964429.0,14381.0,4542060.0,-0.13183907742301954,0.056188019494514796
131,1976.0,Wyoming,WY,773236.0,792877.0,9208.0,1575321.0,0.012467935106559191,0.20049503202409352
132,1980.0,Alabama,AL,997846.0,156826.0,1372.0,1156044.0,-0.7274982613118532,-0.6341635040905977
133,1980.0,Alaska,AK,383396.0,342385.0,73224.0,799005.0,-0.051327588688431236,0.042007168532824324
134,1980.0,Arizona,AZ,1326827.0,2055915.0,109934.0,3492676.0,0.20874767656662108,0.30208243378787664
135,1980.0,Arkansas,AR,233647.0,152618.0,25118.0,411383.0,-0.1969673029755727,-0.10363254575431713
136,1980.0,California,CA,10856819.0,9910711.0,511903.0,21279433.0,-0.044461147061578166,0.048873610159677394
137,1980.0,Colorado,CO,1149294.0,1502196.0,19325.0,2670815.0,0.13213270106690284,0.2254674582881584
138,1980.0,Connecticut,CT,2413354.0,2205721.0,1967.0,4621042.0,-0.044932073761718705,0.048402683459536855
139,1980.0,Delaware,DE,257398.0,275126.0,0.0,532524.0,0.03329051836161373,0.1266252755828693
140,1980.0,Florida,FL,7782775.0,7386410.0,13717.0,15182902.0,-0.026106010563724857,0.0672287466575307
141,1980.0,Georgia,GA,3625314.0,1068863.0,8822.0,4702999.0,-0.543578895083754,-0.45024413786249845
142,1980.0,Hawaii,HI,1492396.0,617750.0,5133.0,2115279.0,-0.4134896625929724,-0.3201549053717168
143,1980.0,Idaho,ID,737854.0,1162263.0,40304.0,1940421.0,0.2187200612650554,0.31205481848631095
144,1980.0,Illinois,IL,13050709.0,12807251.0,165271.0,26023231.0,-0.009355410171780765,0.0839793470494748
145,1980.0,Indiana,IN,3472216.0,3840270.0,1681.0,7314167.0,0.0503206995410414,0.14365545676229696
146,1980.0,Iowa,IA,1315106.0,1522250.0,11805.0,2849161.0,0.07270350815555876,0.16603826537681432
147,1980.0,Kansas,KS,1069486.0,1355545.0,3560.0,2428591.0,0.11778805076688503,0.2111228079881406
148,1980.0,Kentucky,KY,1242116.0,652576.0,1149.0,1895841.0,-0.3109648963177819,-0.21763013909652634
149,1980.0,Maine,ME,811512.0,803998.0,36228.0,1651738.0,-0.004549147625107608,0.08878560959614795
150,1980.0,Maryland,MD,2169646.0,777692.0,8754.0,2956092.0,-0.4708764138599204,-0.37754165663866485
151,1980.0,Massachusetts,MA,5398230.0,1888894.0,251185.0,7538309.0,-0.4655335831948518,-0.3721988259735962
152,1980.0,Michigan,MI,4642952.0,3995179.0,0.0,8638131.0,-0.07498994863587966,0.018344808585375905
153,1980.0,Minnesota,MN,2655261.0,2472565.0,39065.0,5166891.0,-0.03535898086489542,0.05797577635636014
154,1980.0,Mississippi,MS,814471.0,147382.0,81307.0,1043160.0,-0.6394886690440584,-0.5461539118228029
155,1980.0,Missouri,MO,2911998.0,2006818.0,12619.0,4931435.0,-0.18355306315504516,-0.0902183059337896
156,1980.0,Montana,MT,448583.0,450702.0,3120.0,902405.0,0.0023481696134219354,0.0956829268346775
157,1980.0,Nevada,NV,635924.0,470861.0,35002.0,1141787.0,-0.14456549251305184,-0.05123073529179628
158,1980.0,New Hampshire,NH,936437.0,1297547.0,10706.0,2244690.0,0.16087299359822516,0.2542077508194807
159,1980.0,New Jersey,NJ,4773052.0,4119102.0,114135.0,9006289.0,-0.07261037259630465,0.02072438462495091
160,1980.0,New Mexico,NM,564440.0,476866.0,2123.0,1043429.0,-0.0839290454836889,0.009405711737566658
161,1980.0,New York,NY,9024616.0,10062651.0,193774.0,19281041.0,0.053837082759172594,0.14717183998042815
162,1980.0,North Carolina,NC,9235673.0,4507166.0,49799.0,13792638.0,-0.342828326241869,-0.24949356902061343
163,1980.0,North Dakota,ND,521952.0,687386.0,3777.0,1213115.0,0.13637124262745082,0.22970599984870638
164,1980.0,Ohio,OH,4878262.0,4558134.0,69088.0,9505484.0,-0.03367824300161887,0.05965651421963669
165,1980.0,Oklahoma,OK,539859.0,516556.0,2875.0,1059290.0,-0.021998697240604603,0.07133605998065096
166,1980.0,Oregon,OR,1497472.0,1293571.0,38838.0,2829881.0,-0.07205285310583737,0.021281904115418193
167,1980.0,Pennsylvania,PA,5635071.0,5870415.0,56673.0,11562159.0,0.02035467597357893,0.11368943319483449
168,1980.0,Rhode Island,RI,887224.0,351933.0,5613.0,1244770.0,-0.43003205411441475,-0.3366972968931592
169,1980.0,South Carolina,SC,3122933.0,764905.0,15276.0,3903114.0,-0.6041401814038739,-0.5108054241826183
170,1980.0,South Dakota,SD,1175054.0,1562698.0,8098.0,2745850.0,0.1411744996995466,0.23450925692080216
171,1980.0,Tennessee,TN,1746912.0,1448682.0,64644.0,3260238.0,-0.09147491686189779,0.0018598403593577673
172,1980.0,Texas,TX,5289825.0,2836895.0,21133.0,8147853.0,-0.30105231402677496,-0.2077175568055194
173,1980.0,Utah,UT,539816.0,835433.0,2508.0,1377757.0,0.21456396156942037,0.30789871879067593
174,1980.0,Virginia,VA,3745842.0,2032640.0,150976.0,5929458.0,-0.2889306240131898,-0.19559586679193425
175,1980.0,Washington,WA,2842082.0,3304873.0,10547.0,6157502.0,0.07515888748391797,0.16849364470517353
176,1980.0,West Virginia,WV,3346824.0,2324340.0,0.0,5671164.0,-0.18029526213666186,-0.0869605049154063
177,1980.0,Wisconsin,WI,2553969.0,2380877.0,16343.0,4951189.0,-0.034959683421497356,0.058375073799758204
178,1980.0,Wyoming,WY,753356.0,912334.0,4159.0,1669849.0,0.09520501554332161,0.18853977276457717
179,1984.0,Alabama,AL,1798770.0,378598.0,145797.0,2323165.0,-0.6113091407627096,-0.5083016555387352
180,1984.0,Alaska,AK,460495.0,555897.0,37617.0,1054009.0,0.090513458613731,0.19352094383770535
181,1984.0,Arizona,AZ,1634825.0,2563183.0,38156.0,4236164.0,0.21915062778494876,0.3221581130089231
182,1984.0,Arkansas,AR,466518.0,175310.0,142240.0,784068.0,-0.371406561675773,-0.26839907645179867
183,1984.0,California,CA,12291186.0,11614158.0,205260.0,24110604.0,-0.028080092891907604,0.07492739233206674
184,1984.0,Colorado,CO,1186632.0,1839524.0,7380.0,3033536.0,0.21522474102829176,0.3182322262522661
185,1984.0,Connecticut,CT,2357614.0,2495289.0,10676.0,4863579.0,0.02830734321371159,0.13131482843768594
186,1984.0,Delaware,DE,320701.0,331017.0,215.0,651933.0,0.015823711945859464,0.11883119716983381
187,1984.0,Florida,FL,3007050.0,2956636.0,2725.0,5966411.0,-0.008449635802830202,0.09455784942114415
188,1984.0,Georgia,GA,4502394.0,1618114.0,3631.0,6124139.0,-0.4709690619367065,-0.36796157671273216
189,1984.0,Hawaii,HI,616241.0,271158.0,4533.0,891932.0,-0.38689384392532167,-0.2838863587013473
190,1984.0,Idaho,ID,1324727.0,2310671.0,14594.0,3649992.0,0.27012223588435263,0.373129721108327
191,1984.0,Illinois,IL,6961959.0,5758996.0,68257.0,12789212.0,-0.09406075995925312,0.008946725264721234
192,1984.0,Indiana,IN,3675051.0,4129181.0,5083.0,7809315.0,0.058152347549048855,0.1611598327730232
193,1984.0,Iowa,IA,1663925.0,1509967.0,2196.0,3176088.0,-0.04847409769502614,0.05453338752894821
194,1984.0,Kansas,KS,1074259.0,1459598.0,9415.0,2543272.0,0.151513090223932,0.25452057544790635
195,1984.0,Kentucky,KY,1574539.0,868966.0,11074.0,2454579.0,-0.28745173815957853,-0.18444425293560418
196,1984.0,Maine,ME,1069708.0,793072.0,8923.0,1871703.0,-0.1477990899197148,-0.04479160469574045
197,1984.0,Maryland,MD,2586646.0,888499.0,9044.0,3484189.0,-0.487386591255526,-0.3843791060315517
198,1984.0,Massachusetts,MA,5549213.0,2022770.0,153643.0,7725626.0,-0.45646048617937235,-0.353453000955398
199,1984.0,Michigan,MI,4863687.0,4162679.0,15167.0,9041533.0,-0.07753198489680896,0.02547550032716539
200,1984.0,Minnesota,MN,2868412.0,2441669.0,49043.0,5359124.0,-0.07962924537666977,0.023378239847304583
201,1984.0,Mississippi,MS,940790.0,112280.0,58343.0,1111413.0,-0.7454564594799593,-0.6424489742559849
202,1984.0,Missouri,MO,2868116.0,1912796.0,13052.0,4793964.0,-0.19927558905323445,-0.0962681038292601
203,1984.0,Montana,MT,502462.0,487019.0,5917.0,995398.0,-0.015514397256172874,0.08749308796780148
204,1984.0,Nevada,NV,445505.0,414717.0,21857.0,882079.0,-0.03490390316513603,0.06810358205883832
205,1984.0,New Hampshire,NH,1062221.0,1582281.0,4741.0,2649243.0,0.19630513320220155,0.2993126184261759
206,1984.0,New Jersey,NJ,5665012.0,5527987.0,8273.0,11201272.0,-0.01223298568234038,0.09077449954163397
207,1984.0,New Mexico,NM,666275.0,547998.0,4623.0,1218896.0,-0.09703617043619805,0.005971314787776294
208,1984.0,New York,NY,10213405.0,10324523.0,176897.0,20714825.0,0.005364177587790342,0.10837166281176469
209,1984.0,North Carolina,NC,7925227.0,4037404.0,19245.0,11981876.0,-0.3244753158854256,-0.22146783066145126
210,1984.0,North Dakota,ND,699028.0,736898.0,4718.0,1440644.0,0.02628685504538253,0.12929434026935688
211,1984.0,Ohio,OH,5843411.0,5206097.0,28554.0,11078062.0,-0.05752937652813278,0.04547810869584157
212,1984.0,Oklahoma,OK,681492.0,641878.0,1719.0,1325089.0,-0.029895350425518552,0.0731121347984558
213,1984.0,Oregon,OR,1636380.0,1481918.0,17421.0,3135719.0,-0.0492588781073815,0.05374860711659285
214,1984.0,Pennsylvania,PA,6344363.0,5759715.0,20777.0,12124855.0,-0.04821896839178691,0.05478851683218744
215,1984.0,Rhode Island,RI,703160.0,411708.0,13171.0,1128039.0,-0.2583704996015208,-0.15536301437754646
216,1984.0,South Carolina,SC,1657622.0,607068.0,27285.0,2291975.0,-0.45836189312710657,-0.3553544079031322
217,1984.0,South Dakota,SD,889280.0,1253809.0,10962.0,2154051.0,0.16922951220746396,0.2722369974314383
218,1984.0,Tennessee,TN,1899352.0,1274659.0,27539.0,3201550.0,-0.19512205025690688,-0.09211456503293253
219,1984.0,Texas,TX,7315755.0,3964295.0,114798.0,11394848.0,-0.2941206411880176,-0.19111315596404327
220,1984.0,Utah,UT,560595.0,1041647.0,13925.0,1616167.0,0.2976499334536592,0.40065741867763355
221,1984.0,Virginia,VA,3616129.0,2240942.0,182296.0,6039367.0,-0.2277038305504534,-0.12469634532647905
222,1984.0,Washington,WA,3877001.0,3559249.0,7104.0,7443354.0,-0.042689357512755655,0.060318127711218694
223,1984.0,West Virginia,WV,3454563.0,2053270.0,17346.0,5525179.0,-0.25361947549572605,-0.1506119902717517
224,1984.0,Wisconsin,WI,2935502.0,2342679.0,8793.0,5286974.0,-0.112128979639393,-0.009121494415418652
225,1984.0,Wyoming,WY,783213.0,985305.0,13365.0,1781883.0,0.11341485383720473,0.21642233906117908
226,1988.0,Alabama,AL,1385806.0,526185.0,2971.0,1914962.0,-0.44889715827259236,-0.37615180618248534
227,1988.0,Alaska,AK,376134.0,450582.0,22550.0,849266.0,0.0876615807061627,0.16040693279626972
228,1988.0,Arizona,AZ,1858972.0,2897670.0,71777.0,4828419.0,0.21512176138814798,0.287867113478255
229,1988.0,Arkansas,AR,217132.0,135407.0,27639.0,380178.0,-0.21496509529746594,-0.14221974320735892
230,1988.0,California,CA,12411635.0,11681596.0,206127.0,24299358.0,-0.030043550944843844,0.042701801145263174
231,1988.0,Colorado,CO,1403152.0,1910905.0,11377.0,3325434.0,0.15268773940484165,0.22543309149494867
232,1988.0,Connecticut,CT,2384593.0,2063733.0,2398.0,4450724.0,-0.07209164171941468,0.0006537103706923397
233,1988.0,Delaware,DE,258670.0,268798.0,184.0,527652.0,0.019194469081894927,0.09193982117200195
234,1988.0,Florida,FL,2907464.0,2762503.0,13015.0,5682982.0,-0.025507911163540564,0.047237440926566454
235,1988.0,Georgia,GA,4357519.0,2435532.0,0.0,6793051.0,-0.2829342809291436,-0.21018892883903656
236,1988.0,Hawaii,HI,675627.0,276663.0,0.0,952290.0,-0.4189522099360489,-0.3462068578459419
237,1988.0,Idaho,ID,1993128.0,3132911.0,74011.0,5200050.0,0.21918693089489527,0.2919322829850023
238,1988.0,Illinois,IL,6195902.0,5787150.0,13041.0,11996093.0,-0.034073760515194396,0.03867159157491262
239,1988.0,Indiana,IN,3273267.0,3587922.0,5578.0,6866767.0,0.04582287414149927,0.11856822623160629
240,1988.0,Iowa,IA,1500176.0,1322841.0,0.0,2823017.0,-0.06281754590921701,0.009927806180890009
241,1988.0,Kansas,KS,1207275.0,1399818.0,2518.0,2609611.0,0.07378226103430746,0.14652761312441448
242,1988.0,Kentucky,KY,1488811.0,734532.0,6014.0,2229357.0,-0.33833926105150497,-0.26559390896139795
243,1988.0,Maine,ME,1029734.0,836714.0,14327.0,1880775.0,-0.10262790604936789,-0.02988255395926087
244,1988.0,Maryland,MD,2397872.0,927858.0,3073.0,3328803.0,-0.44160438451899975,-0.36885903242889273
245,1988.0,Massachusetts,MA,5056015.0,2051428.0,175797.0,7283240.0,-0.4125343940334246,-0.3397890419433176
246,1988.0,Michigan,MI,4242110.0,3730877.0,0.0,7972987.0,-0.06412063634369397,0.008624715746413048
247,1988.0,Minnesota,MN,2564817.0,2149287.0,6509.0,4720613.0,-0.0880245849426759,-0.01527923285256888
248,1988.0,Mississippi,MS,869963.0,186595.0,16157.0,1072715.0,-0.6370452543312995,-0.5642999022411925
249,1988.0,Missouri,MO,2773452.0,1915957.0,18844.0,4708253.0,-0.18212593928151266,-0.10938058719140564
250,1988.0,Montana,MT,472643.0,484866.0,1244.0,958753.0,0.01274885189407493,0.08549420398418195
251,1988.0,Nevada,NV,513309.0,530265.0,14501.0,1058075.0,0.016025329017319234,0.08877068110742625
252,1988.0,New Hampshire,NH,1110707.0,1700591.0,3102.0,2814400.0,0.2095949403069926,0.2823402923970996
253,1988.0,New Jersey,NJ,3883456.0,4506263.0,16635.0,8406354.0,0.07408764846210375,0.14683300055221077
254,1988.0,New Mexico,NM,685362.0,533373.0,3285.0,1222020.0,-0.12437521480826824,-0.051629862718161224
255,1988.0,New York,NY,8764656.0,9044448.0,129340.0,17938444.0,0.01559733943479158,0.0883426915248986
256,1988.0,North Carolina,NC,5383367.0,3952078.0,5702.0,9341147.0,-0.15322411690983984,-0.08047876481973282
257,1988.0,North Dakota,ND,684817.0,727536.0,3655.0,1416008.0,0.03016861486658262,0.10291396695668964
258,1988.0,Ohio,OH,5448004.0,4853431.0,109681.0,10411116.0,-0.05710943956440406,0.015635912525702955
259,1988.0,Oklahoma,OK,897246.0,798350.0,2339.0,1697935.0,-0.05824486803087281,0.014500484059234209
260,1988.0,Oregon,OR,1673985.0,1475491.0,4669.0,3154145.0,-0.06293115884019285,0.009814193249914172
261,1988.0,Pennsylvania,PA,5469138.0,5345400.0,4493.0,10819031.0,-0.01143706862472249,0.06130828346538453
262,1988.0,Rhode Island,RI,785053.0,392977.0,11783.0,1189813.0,-0.3295274131313072,-0.25678206104120016
263,1988.0,South Carolina,SC,1533372.0,787890.0,12885.0,2334147.0,-0.31938091302732863,-0.2466355609372216
264,1988.0,South Dakota,SD,728260.0,896726.0,6733.0,1631719.0,0.10324449246469519,0.1759898445548022
265,1988.0,Tennessee,TN,2003239.0,1307647.0,19465.0,3330351.0,-0.20886447104224148,-0.13611911895213447
266,1988.0,Texas,TX,6260382.0,4560925.0,81931.0,10903238.0,-0.15586718367516145,-0.08312183158505443
267,1988.0,Utah,UT,613043.0,857634.0,20201.0,1490878.0,0.16405836024141474,0.23680371233152175
268,1988.0,Vermont,VT,883948.0,781196.0,26121.0,1691265.0,-0.06075452398057074,0.011990828109536278
269,1988.0,Virginia,VA,2145256.0,1343195.0,111217.0,3599668.0,-0.22281527074163504,-0.15006991865152802
270,1988.0,Washington,WA,4013150.0,3310093.0,9289.0,7332532.0,-0.09588188636612838,-0.02313653427602136
271,1988.0,West Virginia,WV,2782581.0,1676927.0,1205.0,4460713.0,-0.24786485927249752,-0.1751195071823905
272,1988.0,Wisconsin,WI,2727214.0,2306591.0,7333.0,5041138.0,-0.08343810465018014,-0.010692752560073127
273,1988.0,Wyoming,WY,730283.0,900839.0,7710.0,1638832.0,0.10407168031866598,0.176817032408773
274,1992.0,Alabama,AL,1348244.0,668922.0,997.0,2018163.0,-0.3366041295970643,-0.2727107585061355
275,1992.0,Alaska,AK,407390.0,403086.0,63524.0,874000.0,-0.004924485125858136,0.05896888596507066
276,1992.0,Arizona,AZ,2306588.0,3301985.0,271493.0,5880066.0,0.16928330396291474,0.23317667505384354
277,1992.0,Arkansas,AR,456114.0,299792.0,51534.0,807440.0,-0.19360200138709993,-0.12970863029617113
278,1992.0,California,CA,13159710.0,11602565.0,1337203.0,26099478.0,-0.05966192120777286,0.0042314498831559355
279,1992.0,Colorado,CO,1610958.0,1854840.0,0.0,3465798.0,0.070368209572514,0.1342615806634428
280,1992.0,Connecticut,CT,2336944.0,2265374.0,71407.0,4673725.0,-0.015313267254705776,0.04858010383622302
281,1992.0,Delaware,DE,407453.0,328561.0,1264.0,737278.0,-0.10700441353193779,-0.043111042441008995
282,1992.0,Florida,FL,5016522.0,4701184.0,72266.0,9789972.0,-0.03221030662804758,0.031683064462881216
283,1992.0,Georgia,GA,4238981.0,2551177.0,23324.0,6813482.0,-0.24771533850093097,-0.18382196741000217
284,1992.0,Hawaii,HI,406150.0,243859.0,9566.0,659575.0,-0.24605389834363034,-0.18216052725270154
285,1992.0,Idaho,ID,1466595.0,1951514.0,58995.0,3477104.0,0.13946059709459363,0.20335396818552243
286,1992.0,Illinois,IL,7044261.0,5961954.0,39682.0,13045897.0,-0.08296148589859331,-0.019068114807664516
287,1992.0,Indiana,IN,2864050.0,2972031.0,3890.0,5839971.0,0.0184899890770005,0.0823833601679293
288,1992.0,Iowa,IA,1649285.0,1572474.0,17654.0,3239413.0,-0.023711394626125204,0.04018197646480359
289,1992.0,Kansas,KS,1281424.0,1522976.0,37316.0,2841716.0,0.08500216066630162,0.14889553175723041
290,1992.0,Kentucky,KY,1735920.0,1059172.0,817.0,2795909.0,-0.24204936569823976,-0.17815599460731096
291,1992.0,Maine,ME,1259820.0,978199.0,36282.0,2274301.0,-0.12382749688805483,-0.05993412579712604
292,1992.0,Maryland,MD,2319646.0,1088061.0,5313.0,3413020.0,-0.3608490427832242,-0.2969556716922954
293,1992.0,Massachusetts,MA,5324675.0,3597907.0,150752.0,9073334.0,-0.1903124033569138,-0.126419032265985
294,1992.0,Michigan,MI,4356521.0,4161734.0,20388.0,8538643.0,-0.022812407076862273,0.04108096401406652
295,1992.0,Minnesota,MN,4311645.0,3571578.0,42033.0,7925256.0,-0.09338083211444526,-0.02948746102351646
296,1992.0,Mississippi,MS,1946933.0,828472.0,54767.0,2830172.0,-0.3951918823308265,-0.33129851123989773
297,1992.0,Missouri,MO,2849989.0,2195291.0,26633.0,5071913.0,-0.12908305012329663,-0.06518967903236783
298,1992.0,Montana,MT,537964.0,490048.0,2667.0,1030679.0,-0.04648974122884042,0.017403629862088377
299,1992.0,Nevada,NV,691285.0,689074.0,42168.0,1422527.0,-0.0015542762984463443,0.06233909479248245
300,1992.0,New Hampshire,NH,1301049.0,1945180.0,46740.0,3292969.0,0.19560797565965543,0.2595013467505842
301,1992.0,New Jersey,NJ,4346857.0,5024024.0,95325.0,9466206.0,0.07153520639631122,0.13542857748724002
302,1992.0,New Mexico,NM,788116.0,480624.0,25828.0,1294568.0,-0.23752479591647563,-0.17363142482554683
303,1992.0,New York,NY,9089199.0,8705465.0,443356.0,18238020.0,-0.021040332229046776,0.04285303886188202
304,1992.0,North Carolina,NC,6201935.0,4855128.0,76459.0,11133522.0,-0.12096863867516494,-0.057075267584236145
305,1992.0,North Dakota,ND,614677.0,658143.0,6763.0,1279583.0,0.033968878923836876,0.09786225001476567
306,1992.0,Ohio,OH,5902724.0,5756858.0,29445.0,11689027.0,-0.012478882972894179,0.05141448811803462
307,1992.0,Oklahoma,OK,934392.0,825306.0,2891.0,1762589.0,-0.06188964075005571,0.002003730340873089
308,1992.0,Oregon,OR,1878444.0,1638815.0,40985.0,3558244.0,-0.06734473521208778,-0.003451364121158984
309,1992.0,Pennsylvania,PA,5683455.0,5398706.0,14655.0,11096816.0,-0.02566042367468291,0.03823294741624589
310,1992.0,Rhode Island,RI,882758.0,369154.0,76855.0,1328767.0,-0.386526757512792,-0.3226333864218632
311,1992.0,South Carolina,SC,1514275.0,1152574.0,31220.0,2698069.0,-0.13405921049461672,-0.07016583940368792
312,1992.0,South Dakota,SD,729359.0,838195.0,24360.0,1591914.0,0.06836801485507382,0.13226138594600262
313,1992.0,Tennessee,TN,1755218.0,1433791.0,51928.0,3240937.0,-0.09917718240126228,-0.03528381131033348
314,1992.0,Texas,TX,7977935.0,6692770.0,278033.0,14948738.0,-0.0859714713041328,-0.022078100213204
315,1992.0,Utah,UT,671446.0,967462.0,48444.0,1687352.0,0.17543227494915115,0.23932564604007994
316,1992.0,Vermont,VT,895928.0,889448.0,100229.0,1885605.0,-0.0034365628007986815,0.060456808290130115
317,1992.0,Virginia,VA,2063066.0,1659416.0,106586.0,3829068.0,-0.1054172973684458,-0.041523926277517
318,1992.0,Washington,WA,4533784.0,3675003.0,59490.0,8268277.0,-0.1038645657372147,-0.0399711946462859
319,1992.0,West Virginia,WV,2395130.0,1324450.0,3420.0,3723000.0,-0.2875852806876175,-0.22369190959668872
320,1992.0,Wisconsin,WI,2585621.0,2433771.0,43583.0,5062975.0,-0.02999224764096209,0.03390112344996671
321,1992.0,Wyoming,WY,515318.0,599550.0,5618.0,1120486.0,0.07517452248399353,0.13906789357492233
322,1996.0,Alabama,AL,1168340.0,819093.0,54810.0,2042243.0,-0.17101148100397456,-0.1891198175748497
323,1996.0,Alaska,AK,259509.0,319402.0,43715.0,622626.0,0.0961941839884618,0.07808584741758667
324,1996.0,Arizona,AZ,1792645.0,3586747.0,232913.0,5612305.0,0.31967293295713617,0.30156459638626104
325,1996.0,Arkansas,AR,551377.0,431884.0,7998.0,991259.0,-0.120546698693278,-0.13865503526415313
326,1996.0,California,CA,12822639.0,12310893.0,617347.0,25750879.0,-0.019872952686391776,-0.037981289257266904
327,1996.0,Colorado,CO,1460083.0,2035408.0,10297.0,3505788.0,0.1641071850322952,0.14599884846142008
328,1996.0,Connecticut,CT,2185335.0,2155776.0,26760.0,4367871.0,-0.00676737019019108,-0.024875706761066207
329,1996.0,Delaware,DE,295107.0,332981.0,9913.0,638001.0,0.05936354331733018,0.04125520674645505
330,1996.0,Florida,FL,3734762.0,4030239.0,26103.0,7791104.0,0.03792492052474211,0.019816583953866984
331,1996.0,Georgia,GA,3175923.0,3053377.0,16310.0,6245610.0,-0.019621141890063587,-0.037729478460938715
332,1996.0,Hawaii,HI,491727.0,306947.0,19251.0,817925.0,-0.22591313384479017,-0.2440214704156653
333,1996.0,Idaho,ID,692254.0,1688485.0,19792.0,2400531.0,0.4150044302698028,0.3968960936989277
334,1996.0,Illinois,IL,5300707.0,5065344.0,19840.0,10385891.0,-0.022661801476637877,-0.040770138047513005
335,1996.0,Indiana,IN,2165933.0,2769655.0,19330.0,4954918.0,0.1218429850907724,0.10373464851989728
336,1996.0,Iowa,IA,1340679.0,1639833.0,10112.0,2990624.0,0.10003062905935356,0.08192229248847843
337,1996.0,Kansas,KS,1062316.0,1645236.0,27308.0,2734860.0,0.21314436570793388,0.19503602913705875
338,1996.0,Kentucky,KY,1502382.0,1195310.0,1706.0,2699398.0,-0.11375573368580699,-0.13186407025668212
339,1996.0,Maine,ME,1099494.0,1004636.0,46376.0,2150506.0,-0.04410961885249326,-0.06221795542336839
340,1996.0,Maryland,MD,2578485.0,1708612.0,18045.0,4305142.0,-0.20205442700844706,-0.22016276357932218
341,1996.0,Massachusetts,MA,5276617.0,2444316.0,133339.0,7854272.0,-0.3606064317609575,-0.37871476833183265
342,1996.0,Michigan,MI,4651511.0,4829073.0,8461.0,9489045.0,0.018712315095986976,0.0006039785251118479
343,1996.0,Minnesota,MN,2958489.0,2865752.0,71648.0,5895889.0,-0.015729095306916352,-0.03383743187779148
344,1996.0,Mississippi,MS,833648.0,553506.0,47527.0,1434681.0,-0.1952643131121134,-0.21337264968298852
345,1996.0,Missouri,MO,2820510.0,2598358.0,77801.0,5496669.0,-0.04041574997512126,-0.05852408654599639
346,1996.0,Montana,MT,472855.0,595589.0,4752.0,1073196.0,0.11436307999657097,0.09625474342569584
347,1996.0,Nevada,NV,554648.0,704437.0,38973.0,1298058.0,0.11539468960554922,0.09728635303467409
348,1996.0,New Hampshire,NH,1280989.0,1739109.0,135374.0,3155472.0,0.1451827175142103,0.12707438094333517
349,1996.0,New Jersey,NJ,4164739.0,5109672.0,163485.0,9437896.0,0.1001211498834062,0.08201281331253107
350,1996.0,New Mexico,NM,755076.0,614113.0,12416.0,1381605.0,-0.10202843793993221,-0.12013677451080734
351,1996.0,New York,NY,9169544.0,9375365.0,269865.0,18814774.0,0.01093932884870158,-0.007169007722173548
352,1996.0,North Carolina,NC,5028574.0,4977753.0,26314.0,10032641.0,-0.005065565487691603,-0.02317390205856673
353,1996.0,North Dakota,ND,497353.0,647695.0,3975.0,1149023.0,0.13084333385841707,0.11273499728754194
354,1996.0,Ohio,OH,4970662.0,5994056.0,111029.0,11075747.0,0.09239954650462856,0.07429120993375343
355,1996.0,Oklahoma,OK,1050501.0,973387.0,718.0,2024606.0,-0.038088398434065696,-0.05619673500494082
356,1996.0,Oregon,OR,1615616.0,1767388.0,64210.0,3447214.0,0.04402743780919893,0.025919101238323805
357,1996.0,Pennsylvania,PA,5248588.0,5694269.0,50104.0,10992961.0,0.040542397994498436,0.022434061423623308
358,1996.0,Rhode Island,RI,787713.0,389038.0,19772.0,1196523.0,-0.3331945980144134,-0.35130293458528855
359,1996.0,South Carolina,SC,1214071.0,1522830.0,52297.0,2789198.0,0.11069812899622039,0.09258979242534526
360,1996.0,South Dakota,SD,741356.0,941381.0,18648.0,1701385.0,0.11756598300796112,0.09945764643708599
361,1996.0,Tennessee,TN,2183723.0,2086337.0,41366.0,4311426.0,-0.022587886235319876,-0.040696222806195004
362,1996.0,Texas,TX,6436399.0,7572206.0,175126.0,14183731.0,0.0800781543304791,0.06196981775960397
363,1996.0,Utah,UT,549224.0,1084956.0,30824.0,1665004.0,0.3217601879635124,0.3036518513926373
364,1996.0,Vermont,VT,918614.0,850648.0,49718.0,1818980.0,-0.03736489681030025,-0.05547323338117538
365,1996.0,Virginia,VA,1906058.0,2281542.0,122794.0,4310394.0,0.08711129423435543,0.0690029576634803
366,1996.0,Washington,WA,4346807.0,4632452.0,28953.0,9008212.0,0.031709400267222854,0.013601063696347726
367,1996.0,West Virginia,WV,2026530.0,1149232.0,5199.0,3180961.0,-0.2757965281561138,-0.2939048647269889
368,1996.0,Wisconsin,WI,2379229.0,2648231.0,53106.0,5080566.0,0.052947250365412035,0.03483891379453691
369,1996.0,Wyoming,WY,178074.0,389277.0,7333.0,574684.0,0.3675115367749928,0.3494032002041177
370,2000.0,Alabama,AL,1328900.0,1046921.0,5578.0,2381399.0,-0.11840896884562391,-0.12083829832169701
371,2000.0,Alaska,AK,254425.0,381974.0,28741.0,665140.0,0.1917626364374418,0.18933330696136869
372,2000.0,Arizona,AZ,2261125.0,3305896.0,107055.0,5674076.0,0.18413059677029353,0.18170126729422043
373,2000.0,Arkansas,AR,580908.0,499354.0,14327.0,1094589.0,-0.07450650426781191,-0.07693583374388502
374,2000.0,California,CA,14321729.0,11800937.0,513598.0,26636264.0,-0.09463759632356855,-0.09706692579964166
375,2000.0,Colorado,CO,1767024.0,2292918.0,151283.0,4211225.0,0.12487910287386689,0.12244977339779378
376,2000.0,Connecticut,CT,2079432.0,1964718.0,17621.0,4061771.0,-0.02824236029062205,-0.030671689766695154
377,2000.0,Delaware,DE,335385.0,340788.0,2953.0,679126.0,0.007955813795967215,0.005526484319894109
378,2000.0,Florida,FL,3530486.0,4265959.0,40735.0,7837180.0,0.09384408677611084,0.09141475730003773
379,2000.0,Georgia,GA,3402937.0,3829669.0,19615.0,7252221.0,0.058841560399221116,0.05641223092314801
380,2000.0,Hawaii,HI,610323.0,379503.0,16687.0,1006513.0,-0.22932639717519787,-0.23175572665127098
381,2000.0,Idaho,ID,538736.0,1718363.0,54167.0,2311266.0,0.510381323482455,0.5079519940063819
382,2000.0,Illinois,IL,5443147.0,5141124.0,11348.0,10595619.0,-0.028504516819640224,-0.03093384629571333
383,2000.0,Indiana,IN,2120474.0,2730190.0,37579.0,4888243.0,0.12473111504481266,0.12230178556873955
384,2000.0,Iowa,IA,1468890.0,1598512.0,21420.0,3088822.0,0.04196486557011059,0.03953553609403748
385,2000.0,Kansas,KS,1005750.0,1646189.0,5559.0,2657498.0,0.2409932199384534,0.2385638904623803
386,2000.0,Kentucky,KY,1867409.0,1416753.0,3640.0,3287802.0,-0.13706908141062024,-0.13949841088669335
387,2000.0,Maine,ME,1058755.0,918101.0,60941.0,2037797.0,-0.06902257683174529,-0.07145190630781839
388,2000.0,Maryland,MD,3054018.0,1748691.0,4975.0,4807684.0,-0.27150848516666237,-0.2739378146427355
389,2000.0,Massachusetts,MA,5711977.0,1835614.0,121376.0,7668967.0,-0.5054609049693394,-0.5078902344454125
390,2000.0,Michigan,MI,4861147.0,4950381.0,6763.0,9818291.0,0.009088547080138454,0.006659217604065348
391,2000.0,Minnesota,MN,3208112.0,3262469.0,121595.0,6592176.0,0.008245683974456963,0.005816354498383858
392,2000.0,Mississippi,MS,820599.0,461282.0,28536.0,1310417.0,-0.2742005025881074,-0.2766298320641805
393,2000.0,Missouri,MO,2670576.0,2658638.0,54011.0,5383225.0,-0.002217629766543272,-0.0046469592426163775
394,2000.0,Montana,MT,435529.0,587574.0,12376.0,1035479.0,0.14683542592365467,0.14440609644758157
395,2000.0,Nevada,NV,628412.0,870059.0,50075.0,1548546.0,0.15604767310754736,0.15361834363147425
396,2000.0,New Hampshire,NH,1392294.0,1899416.0,49263.0,3340973.0,0.15178871544307598,0.14935938596700288
397,2000.0,New Jersey,NJ,4171626.0,4586307.0,107271.0,8865204.0,0.04677625015735681,0.04434692068128371
398,2000.0,New Mexico,NM,748338.0,682980.0,30078.0,1461396.0,-0.04472299089363868,-0.047152320369711787
399,2000.0,New York,NY,9514516.0,8993848.0,218942.0,18727306.0,-0.027802610797303118,-0.030231940273376223
400,2000.0,North Carolina,NC,5800973.0,5849684.0,132481.0,11783138.0,0.004133958203663579,0.0017046287275904737
401,2000.0,North Dakota,ND,395756.0,484742.0,2612.0,883110.0,0.10076434419268265,0.09833501471660955
402,2000.0,Ohio,OH,5137076.0,6021711.0,256211.0,11414998.0,0.0774976044673858,0.07506827499131269
403,2000.0,Oklahoma,OK,942872.0,907254.0,6367.0,1856493.0,-0.019185636573905762,-0.021614966049978868
404,2000.0,Oregon,OR,1730020.0,1717817.0,119359.0,3567196.0,-0.003420894170098887,-0.0058502236461719925
405,2000.0,Pennsylvania,PA,4948574.0,5549776.0,77644.0,10575994.0,0.05684590970834513,0.05441658023227203
406,2000.0,Rhode Island,RI,865739.0,256927.0,40290.0,1162956.0,-0.5235038986857627,-0.5259332281618359
407,2000.0,South Carolina,SC,1423179.0,1847974.0,16596.0,3287749.0,0.12920542292005865,0.12677609344398555
408,2000.0,South Dakota,SD,543197.0,954044.0,30632.0,1527873.0,0.26890127648044043,0.2664719470043673
409,2000.0,Tennessee,TN,1869528.0,1841908.0,141176.0,3852612.0,-0.007169162116506977,-0.009598491592580083
410,2000.0,Texas,TX,5074418.0,7350440.0,192476.0,12617334.0,0.18038850362525077,0.17795917414917767
411,2000.0,Utah,UT,669715.0,1072908.0,32718.0,1775341.0,0.22710735571363472,0.2246780262375616
412,2000.0,Vermont,VT,906170.0,986328.0,92106.0,1984604.0,0.04038992161660465,0.037960592140531546
413,2000.0,Virginia,VA,1626366.0,2084718.0,143900.0,3854984.0,0.11889854795765686,0.11646921848158376
414,2000.0,Washington,WA,4986011.0,4568321.0,168494.0,9722826.0,-0.04295973207789594,-0.045389061553969046
415,2000.0,West Virginia,WV,2130631.0,999148.0,33516.0,3163295.0,-0.3576912681239025,-0.3601205975999756
416,2000.0,Wisconsin,WI,2718550.0,3045056.0,35755.0,5799361.0,0.05630034067546402,0.05387101119939092
417,2000.0,Wyoming,WY,152038.0,367922.0,4545.0,524505.0,0.41159569498860826,0.40916636551253516
418,2004.0,Alabama,AL,1263491.0,1108030.0,42444.0,2413965.0,-0.06440068517977687,-0.08670165502926735
419,2004.0,Alaska,AK,284381.0,474658.0,49263.0,808302.0,0.2354033517175511,0.21310238186806063
420,2004.0,Arizona,AZ,2761563.0,4295448.0,172383.0,7229394.0,0.2121733854870823,0.18987241563759183
421,2004.0,Arkansas,AR,574445.0,440503.0,17388.0,1032336.0,-0.1297465166379938,-0.15204748648748428
422,2004.0,California,CA,14817504.0,12100259.0,501878.0,27419641.0,-0.09909848929094289,-0.12139945914043337
423,2004.0,Colorado,CO,2183416.0,2456065.0,103944.0,4743425.0,0.05747935299915141,0.03517838314966093
424,2004.0,Connecticut,CT,2302880.0,1985097.0,50427.0,4338404.0,-0.07324882606599109,-0.09554979591548157
425,2004.0,Delaware,DE,406659.0,475675.0,1177.0,883511.0,0.07811560920011185,0.055814639350621364
426,2004.0,Florida,FL,4187760.0,6940912.0,615423.0,11744095.0,0.2344286213624805,0.21212765151299
427,2004.0,Georgia,GA,4646570.0,5598365.0,31906.0,10276841.0,0.09261552261049866,0.07031455276100818
428,2004.0,Hawaii,HI,611076.0,447182.0,5667.0,1063925.0,-0.15404657283173157,-0.17634754268122205
429,2004.0,Idaho,ID,841694.0,1840782.0,63558.0,2746034.0,0.36382943546948077,0.3415284656199903
430,2004.0,Illinois,IL,6712507.0,6041335.0,79918.0,12833760.0,-0.0522973781650895,-0.07459834801457998
431,2004.0,Indiana,IN,2047834.0,3077489.0,95093.0,5220416.0,0.1972361972685701,0.17493522741907963
432,2004.0,Iowa,IA,1742159.0,1798295.0,25442.0,3565896.0,0.0157424669704333,-0.006558502879057182
433,2004.0,Kansas,KS,1034775.0,1807763.0,41291.0,2883829.0,0.26804224522327785,0.24574127537378737
434,2004.0,Kentucky,KY,1838053.0,1784191.0,3046.0,3625290.0,-0.014857294175086633,-0.037158264024577115
435,2004.0,Maine,ME,1186019.0,1146205.0,61520.0,2393744.0,-0.016632522107627223,-0.038933491957117705
436,2004.0,Maryland,MD,3111334.0,1933690.0,32180.0,5077204.0,-0.23194734739829242,-0.2542483172477829
437,2004.0,Massachusetts,MA,6157264.0,2389317.0,162783.0,8709364.0,-0.43263170536907175,-0.45493267521856223
438,2004.0,Michigan,MI,5338286.0,5248813.0,5344.0,10592443.0,-0.008446871038154224,-0.030747840887644706
439,2004.0,Minnesota,MN,3496521.0,3318951.0,183775.0,6999247.0,-0.025369871930509102,-0.047670841779999584
440,2004.0,Mississippi,MS,892734.0,675944.0,34402.0,1603080.0,-0.13523342565561297,-0.15753439550510345
441,2004.0,Missouri,MO,3034042.0,3330246.0,39404.0,6403692.0,0.04625519153638247,0.023954221686891985
442,2004.0,Montana,MT,515960.0,551194.0,19216.0,1086370.0,0.0324327807284811,0.010131810878990621
443,2004.0,Nevada,NV,809512.0,1012063.0,86518.0,1908093.0,0.10615363087648239,0.0838526610269919
444,2004.0,New Hampshire,NH,2521825.0,3349399.0,36880.0,5908104.0,0.14007437919170007,0.11777340934220959
445,2004.0,New Jersey,NJ,5202644.0,5076811.0,92272.0,10371727.0,-0.012132309305865896,-0.03443327915535638
446,2004.0,New Mexico,NM,900949.0,771405.0,7713.0,1680067.0,-0.07710644873091366,-0.09940741858040414
447,2004.0,New York,NY,9814183.0,9056298.0,207930.0,19078411.0,-0.039724744372054865,-0.06202571422154535
448,2004.0,North Carolina,NC,4901950.0,5243683.0,203144.0,10348777.0,0.033021583130064536,0.010720613280574054
449,2004.0,North Dakota,ND,352550.0,414612.0,2828.0,769990.0,0.0806010467668411,0.05830007691735062
450,2004.0,Ohio,OH,5378564.0,6438740.0,128988.0,11946292.0,0.08874519390619279,0.0664442240567023
451,2004.0,Oklahoma,OK,1067529.0,1157092.0,25358.0,2249979.0,0.039806149301837956,0.017505179452347475
452,2004.0,Oregon,OR,2093605.0,2012575.0,121887.0,4228067.0,-0.01916478617770251,-0.04146575602719299
453,2004.0,Pennsylvania,PA,5995921.0,6296411.0,68651.0,12360983.0,0.024309555316110343,0.002008585466619861
454,2004.0,Rhode Island,RI,871170.0,429155.0,40131.0,1340456.0,-0.3297497269585873,-0.35205069680807777
455,2004.0,South Carolina,SC,1467290.0,2173403.0,41193.0,3681886.0,0.1917802452330138,0.1694792753835233
456,2004.0,South Dakota,SD,589446.0,1049231.0,9221.0,1647898.0,0.2790130214370064,0.2567120515875159
457,2004.0,Tennessee,TN,2535531.0,2665556.0,43003.0,5244090.0,0.024794578277642032,0.0024936084281515503
458,2004.0,Texas,TX,6218650.0,10011670.0,259013.0,16489333.0,0.23002871007578052,0.20772774022629004
459,2004.0,Utah,UT,647996.0,1358759.0,41308.0,2048063.0,0.34704157049856377,0.3247406006490733
460,2004.0,Vermont,VT,1092668.0,913139.0,75769.0,2081576.0,-0.08624667079174625,-0.10854764064123673
461,2004.0,Virginia,VA,1517059.0,2179541.0,153353.0,3849953.0,0.17207534741333202,0.14977437756384154
462,2004.0,Washington,WA,5454065.0,4779846.0,65714.0,10299625.0,-0.0654605386118427,-0.08776150846133318
463,2004.0,West Virginia,WV,2185500.0,1629916.0,6670.0,3822086.0,-0.14536145968458064,-0.16766242953407112
464,2004.0,Wisconsin,WI,2862743.0,3265239.0,79342.0,6207324.0,0.06484211231764281,0.042541142468152326
465,2004.0,Wyoming,WY,162100.0,411157.0,1940.0,575197.0,0.43299426109663297,0.4106932912471425
466,2008.0,Alabama,AL,1151687.0,1061183.0,4170.0,2217040.0,-0.04082199689676319,0.01943120680344068
467,2008.0,Alaska,AK,335959.0,392786.0,15100.0,743845.0,0.07639629223830235,0.13664949593850623
468,2008.0,Arizona,AZ,3927307.0,4928017.0,110369.0,8965693.0,0.11161546575373482,0.1718686694539387
469,2008.0,Arkansas,AR,341926.0,291742.0,21311.0,654979.0,-0.0766192503881804,-0.016366046687976532
470,2008.0,California,CA,17032371.0,12647842.0,656913.0,30337126.0,-0.14452684146810746,-0.08427363776790359
471,2008.0,Colorado,CO,2987801.0,2565924.0,8278.0,5562003.0,-0.07584983323453792,-0.01559662953433405
472,2008.0,Connecticut,CT,2773873.0,1901694.0,57098.0,4732665.0,-0.18428919012860617,-0.1240359864284023
473,2008.0,Delaware,DE,521101.0,366597.0,4768.0,892466.0,-0.17312032055002657,-0.1128671168498227
474,2008.0,Florida,FL,5123120.0,6114326.0,256189.0,11493635.0,0.08623955780742998,0.14649276150763385
475,2008.0,Georgia,GA,4206970.0,6025348.0,13955.0,10246273.0,0.17746726053463535,0.23772046423483922
476,2008.0,Hawaii,HI,476384.0,255779.0,4537.0,736700.0,-0.29945025111985885,-0.23919704741965497
477,2008.0,Idaho,ID,977414.0,1956612.0,31679.0,2965705.0,0.3301737698118997,0.3904269735121036
478,2008.0,Illinois,IL,7383051.0,5802712.0,101581.0,13287344.0,-0.11893565787112909,-0.05868245417092521
479,2008.0,Indiana,IN,2831791.0,3095585.0,52651.0,5980027.0,0.04411250985990528,0.10436571356010915
480,2008.0,Iowa,IA,1819489.0,1647567.0,34026.0,3501082.0,-0.049105390847743624,0.011147812852460248
481,2008.0,Kansas,KS,1265008.0,1771707.0,31091.0,3067806.0,0.16516657181060335,0.22541977551080722
482,2008.0,Kentucky,KY,2139681.0,1724897.0,25668.0,3890246.0,-0.10662153498776167,-0.046368331287557796
483,2008.0,Maine,ME,1338399.0,1076972.0,50756.0,2466127.0,-0.10600711155589315,-0.04575390785568928
484,2008.0,Maryland,MD,3402778.0,1917865.0,31973.0,5352616.0,-0.27741818206275215,-0.21716497836254828
485,2008.0,Massachusetts,MA,6761081.0,1659212.0,169918.0,8590211.0,-0.5939166104301745,-0.5336634067299706
486,2008.0,Michigan,MI,6630492.0,5234294.0,18873.0,11883659.0,-0.11748889799008877,-0.0572356942898849
487,2008.0,Minnesota,MN,3916719.0,3118504.0,58155.0,7093378.0,-0.11252960155232106,-0.052276397852117185
488,2008.0,Mississippi,MS,728907.0,609418.0,54484.0,1392809.0,-0.08578993961124609,-0.02553673591104222
489,2008.0,Missouri,MO,3532042.0,3382692.0,94256.0,7008990.0,-0.02130834827842526,0.03894485542177861
490,2008.0,Montana,MT,612461.0,618991.0,14934.0,1246386.0,0.005239147423029444,0.06549235112323332
491,2008.0,Nevada,NV,1029856.0,1031125.0,124776.0,2185757.0,0.0005805768893797358,0.06083378058958361
492,2008.0,New Hampshire,NH,2872210.0,2652483.0,18096.0,5542789.0,-0.039641956423020985,0.020611247277182887
493,2008.0,New Jersey,NJ,4415818.0,3811597.0,77603.0,8305018.0,-0.0727537255187165,-0.012500521818512633
494,2008.0,New Mexico,NM,1086882.0,751426.0,3805.0,1842113.0,-0.18210392087781802,-0.12185071717761414
495,2008.0,New York,NY,11572502.0,8027153.0,99849.0,19699504.0,-0.17997148557648968,-0.1197182818762858
496,2008.0,North Carolina,NC,5655110.0,5079839.0,77247.0,10812196.0,-0.05320575024722085,0.007047453452983021
497,2008.0,North Dakota,ND,341096.0,376307.0,2666.0,720069.0,0.04889948046645526,0.10915268416665913
498,2008.0,Ohio,OH,6608727.0,6550068.0,39820.0,13198615.0,-0.00444432995431715,0.05580887374588672
499,2008.0,Oklahoma,OK,861228.0,1037784.0,8746.0,1907758.0,0.09254632925140399,0.15279953295160786
500,2008.0,Oregon,OR,2350844.0,1744270.0,57882.0,4152996.0,-0.1460569670666671,-0.08580376336646323
501,2008.0,Pennsylvania,PA,7266934.0,6539011.0,123191.0,13929136.0,-0.05225902022925183,0.007994183470952043
502,2008.0,Rhode Island,RI,1045274.0,381658.0,44628.0,1471560.0,-0.45096088504716086,-0.390707681346957
503,2008.0,South Carolina,SC,1676653.0,2432268.0,37259.0,4146180.0,0.18224365560588301,0.2424968593060869
504,2008.0,South Dakota,SD,761920.0,973189.0,28679.0,1763788.0,0.11978140230004969,0.18003460600025356
505,2008.0,Tennessee,TN,2513265.0,2845899.0,131899.0,5491063.0,0.060577341764244896,0.12083054546444877
506,2008.0,Texas,TX,6388464.0,8869451.0,736792.0,15994707.0,0.15511300081958368,0.21536620451978755
507,2008.0,Utah,UT,918084.0,1471076.0,51972.0,2441132.0,0.22653097005815337,0.28678417375835724
508,2008.0,Vermont,VT,1351938.0,764672.0,73746.0,2190356.0,-0.268114406973113,-0.20786120327290913
509,2008.0,Virginia,VA,1754849.0,2192712.0,197821.0,4145382.0,0.10562669495838983,0.1658798986585937
510,2008.0,Washington,WA,6538114.0,4794104.0,77385.0,11409603.0,-0.1528545734676307,-0.09260136976742683
511,2008.0,West Virginia,WV,2242061.0,1366866.0,7908.0,3616835.0,-0.241978138344713,-0.18172493464450912
512,2008.0,Wisconsin,WI,3668870.0,3163978.0,56488.0,6889336.0,-0.07328601769459347,-0.013032813994389603
513,2008.0,Wyoming,WY,178736.0,411221.0,6721.0,596678.0,0.3896322639681704,0.4498854676683743
514,2012.0,Alabama,AL,1097819.0,1533003.0,43155.0,2673977.0,0.1627478471205997,0.12696378297786787
515,2012.0,Alaska,AK,324308.0,509240.0,15063.0,848611.0,0.21792317092283747,0.18213910678010564
516,2012.0,Arizona,AZ,3627505.0,5344976.0,184018.0,9156499.0,0.18756852373379823,0.1517844595910664
517,2012.0,Arkansas,AR,739080.0,830149.0,47068.0,1616297.0,0.05634422386479715,0.02056015972206532
518,2012.0,California,CA,18185864.0,12916554.0,346924.0,31449342.0,-0.1675491334604075,-0.20333319760313934
519,2012.0,Colorado,CO,2866166.0,3138661.0,173314.0,6178141.0,0.04410630964880857,0.008322245506076742
520,2012.0,Connecticut,CT,2655688.0,2210125.0,31293.0,4897106.0,-0.09098496132205425,-0.12676902546478608
521,2012.0,Delaware,DE,681030.0,450766.0,11659.0,1143455.0,-0.20137565536028967,-0.2371597195030215
522,2012.0,Florida,FL,6573753.0,8969148.0,658183.0,16201084.0,0.1478539954486996,0.11206993130596776
523,2012.0,Georgia,GA,4165823.0,6727952.0,19198.0,10912973.0,0.23477827719357502,0.1989942130508432
524,2012.0,Hawaii,HI,711893.0,338599.0,10636.0,1061128.0,-0.35178979350276307,-0.3875738576454949
525,2012.0,Idaho,ID,872798.0,2124826.0,53399.0,3051023.0,0.41036334370471805,0.3745792795619862
526,2012.0,Illinois,IL,7196986.0,6412902.0,77094.0,13686982.0,-0.05728684380530347,-0.0930709079480353
527,2012.0,Indiana,IN,2399867.0,3530528.0,78338.0,6008733.0,0.18816961911937174,0.15238555497663991
528,2012.0,Iowa,IA,1673877.0,1972300.0,35915.0,3682092.0,0.08104713298852934,0.045263068845797505
529,2012.0,Kansas,KS,1001683.0,1921746.0,28060.0,2951489.0,0.3117284191132001,0.27594435497046826
530,2012.0,Kentucky,KY,1956924.0,2157101.0,50064.0,4164089.0,0.0480722193978082,0.012288155255076372
531,2012.0,Maine,ME,1181687.0,1187601.0,96675.0,2465963.0,0.0023982517174831464,-0.033385812425248684
532,2012.0,Maryland,MD,3421653.0,2090511.0,19717.0,5531881.0,-0.24063098971217928,-0.2764150538549111
533,2012.0,Massachusetts,MA,6539636.0,2536366.0,180777.0,9256779.0,-0.4324690046073262,-0.468253068750058
534,2012.0,Michigan,MI,5206192.0,5374590.0,35281.0,10616063.0,0.015862566000220568,-0.019921498142511262
535,2012.0,Minnesota,MN,5001414.0,4484223.0,65478.0,9551115.0,-0.05414980345226711,-0.08993386759499894
536,2012.0,Mississippi,MS,704985.0,900581.0,24143.0,1629709.0,0.12001897271230633,0.0842349085695745
537,2012.0,Missouri,MO,2549855.0,3771486.0,84378.0,6405719.0,0.1907094269979685,0.15492536285523667
538,2012.0,Montana,MT,482856.0,693758.0,15167.0,1191781.0,0.17696372068358202,0.14117965654085018
539,2012.0,Nevada,NV,1231610.0,1256112.0,62368.0,2550090.0,0.0096082883349215,-0.02617577580781033
540,2012.0,New Hampshire,NH,2333820.0,2787187.0,24107.0,5145114.0,0.08811602619494924,0.05233196205221741
541,2012.0,New Jersey,NJ,4083110.0,4156109.0,22063.0,8261282.0,0.008836279889731458,-0.026947784253000373
542,2012.0,New Mexico,NM,979535.0,852128.0,19121.0,1850784.0,-0.06883947559520726,-0.10462353973793909
543,2012.0,New York,NY,11687406.0,8583560.0,254314.0,20525280.0,-0.15122064108260636,-0.18700470522533819
544,2012.0,North Carolina,NC,5726720.0,6954357.0,58600.0,12739677.0,0.09636327514425991,0.06057921100152808
545,2012.0,North Dakota,ND,293697.0,469846.0,5213.0,768756.0,0.22913512219742022,0.19335105805468839
546,2012.0,Ohio,OH,5882375.0,7033534.0,123908.0,13039817.0,0.0882803033202077,0.05249623917747587
547,2012.0,Oklahoma,OK,590600.0,799626.0,20413.0,1410639.0,0.1481782369550253,0.11239417281229347
548,2012.0,Oregon,OR,2248420.0,2152030.0,56597.0,4457047.0,-0.021626426645265318,-0.05741049078799715
549,2012.0,Pennsylvania,PA,6306365.0,7015799.0,95517.0,13417681.0,0.05287307098745303,0.0170890068447212
550,2012.0,Rhode Island,RI,903134.0,376253.0,110158.0,1389545.0,-0.37917519763663643,-0.41495926177936826
551,2012.0,South Carolina,SC,1608476.0,2578038.0,151554.0,4338068.0,0.22350087642701771,0.18771681228428588
552,2012.0,South Dakota,SD,566655.0,981848.0,34334.0,1582837.0,0.26230938498405076,0.22652532084131893
553,2012.0,Tennessee,TN,1745465.0,3412113.0,80541.0,5238119.0,0.31817681117973834,0.2823927470370065
554,2012.0,Texas,TX,6487689.0,13149300.0,927070.0,20564059.0,0.32394436331854526,0.28816029917581343
555,2012.0,Utah,UT,680220.0,1682363.0,44807.0,2407390.0,0.41627779462405345,0.3804937304813216
556,2012.0,Vermont,VT,1216845.0,630336.0,130212.0,1977393.0,-0.2966071994793144,-0.33239126362204624
557,2012.0,Virginia,VA,1642783.0,2579044.0,187895.0,4409722.0,0.2123174658175731,0.17653340167484127
558,2012.0,Washington,WA,6366292.0,6024832.0,240203.0,12631327.0,-0.0270327891915077,-0.06281685333423953
559,2012.0,West Virginia,WV,1855287.0,1428963.0,33251.0,3317501.0,-0.12850757241670763,-0.16429163655943946
560,2012.0,Wisconsin,WI,3381964.0,3571229.0,82605.0,7035798.0,0.026900289064580807,-0.008883775078151024
561,2012.0,Wyoming,WY,105847.0,447574.0,13355.0,566776.0,0.6029313167812328,0.567147252638501
562,2016.0,Alabama,AL,717221.0,1303957.0,37876.0,2059054.0,0.2849541585601932,0.23881233390687623
563,2016.0,Alaska,AK,330811.0,444394.0,60309.0,835514.0,0.13594386210165232,0.08980203744833537
564,2016.0,Arizona,AZ,3868697.0,5368308.0,157055.0,9394060.0,0.15963396018334997,0.11349213553003301
565,2016.0,Arkansas,AR,389509.0,508946.0,50009.0,948464.0,0.125926761585047,0.07978493693173005
566,2016.0,California,CA,18234768.0,11537911.0,330076.0,30102755.0,-0.22246658154710425,-0.2686084062004212
567,2016.0,Colorado,CO,3044179.0,3381139.0,155594.0,6580912.0,0.05120262966591865,0.005060805012601699
568,2016.0,Connecticut,CT,2454464.0,2522022.0,45794.0,5022280.0,0.013451659405688265,-0.03269016524762869
569,2016.0,Delaware,DE,501070.0,389239.0,7296.0,897605.0,-0.12458820973590834,-0.1707300343892253
570,2016.0,Florida,FL,6136165.0,8915917.0,572948.0,15625030.0,0.1779037864247301,0.13176196177141314
571,2016.0,Georgia,GA,4106439.0,7241939.0,19601.0,11367979.0,0.2758185953721414,0.22967677071882442
572,2016.0,Hawaii,HI,528971.0,233667.0,39281.0,801919.0,-0.3682466683044048,-0.41438849295772173
573,2016.0,Idaho,ID,876576.0,2162355.0,49237.0,3088168.0,0.4163565583219566,0.37021473366863966
574,2016.0,Illinois,IL,6589738.0,5658741.0,14824.0,12263303.0,-0.07591731199987473,-0.12205913665319168
575,2016.0,Indiana,IN,2109948.0,3392020.0,85072.0,5587040.0,0.2294724934849222,0.18333066883160526
576,2016.0,Iowa,IA,1603983.0,1914684.0,67130.0,3585797.0,0.08664768250963456,0.040505857856317606
577,2016.0,Kansas,KS,1156345.0,1909819.0,19547.0,3085711.0,0.24418164889712607,0.19803982424380911
578,2016.0,Kentucky,KY,1829943.0,2545928.0,6656.0,4382527.0,0.16337263866257984,0.11723081400926288
579,2016.0,Maine,ME,1277513.0,1271246.0,80546.0,2629305.0,-0.0023835195992857328,-0.04852534425260269
580,2016.0,Maryland,MD,3031836.0,2075231.0,17503.0,5124570.0,-0.18667029623948939,-0.23281212089280634
581,2016.0,Massachusetts,MA,6610140.0,2400063.0,145837.0,9156040.0,-0.45981417730809393,-0.5059560019614109
582,2016.0,Michigan,MI,5357165.0,5283161.0,45371.0,10685697.0,-0.006925519224436183,-0.05306734387775314
583,2016.0,Minnesota,MN,3721111.0,3736382.0,32918.0,7490411.0,0.0020387399302921883,-0.044103084723024766
584,2016.0,Mississippi,MS,578241.0,734612.0,16072.0,1328925.0,0.11766728746919503,0.07152546281587807
585,2016.0,Missouri,MO,1994077.0,3648925.0,141887.0,5784889.0,0.28606391583313007,0.2399220911798131
586,2016.0,Montana,MT,530289.0,682372.0,8237.0,1220898.0,0.12456650760341975,0.0784246829501028
587,2016.0,Nevada,NV,1002717.0,1229339.0,93268.0,2325324.0,0.09745824667874242,0.05131642202542547
588,2016.0,New Hampshire,NH,2280601.0,2605719.0,17063.0,4903383.0,0.06630483484565658,0.020163010192339625
589,2016.0,New Jersey,NJ,3851444.0,3853629.0,28626.0,7733699.0,0.00028252974417547483,-0.04585929490914148
590,2016.0,New Mexico,NM,992163.0,791096.0,11259.0,1794518.0,-0.11204512855262533,-0.15818695320594228
591,2016.0,New York,NY,11445453.0,8698676.0,190232.0,20334361.0,-0.13508056633793414,-0.1812223909912511
592,2016.0,North Carolina,NC,6069416.0,7218337.0,139904.0,13427657.0,0.08556377333737375,0.039421948684056796
593,2016.0,North Dakota,ND,260298.0,506966.0,2072.0,769336.0,0.32062453856312456,0.2744827139098076
594,2016.0,Ohio,OH,4592728.0,6907289.0,81947.0,11581964.0,0.19984184029582547,0.15370001564250851
595,2016.0,Oklahoma,OK,786308.0,1296438.0,58956.0,2141702.0,0.23818906645275578,0.19204724179943883
596,2016.0,Oregon,OR,2356429.0,2059128.0,207321.0,4622878.0,-0.06431080378932774,-0.1104526284426447
597,2016.0,Pennsylvania,PA,5970062.0,7028867.0,71902.0,13070831.0,0.08100517863018808,0.034863353976871125
598,2016.0,Rhode Island,RI,938823.0,279765.0,116713.0,1335301.0,-0.49356512127228247,-0.5397069459255994
599,2016.0,South Carolina,SC,1523403.0,2918170.0,33611.0,4475184.0,0.3116669616266058,0.26552513697328883
600,2016.0,South Dakota,SD,485268.0,979858.0,20864.0,1485990.0,0.3328353488246893,0.28669352417137234
601,2016.0,Tennessee,TN,1367159.0,3600516.0,105929.0,5073604.0,0.4401914299972958,0.39404960534397887
602,2016.0,Texas,TX,6099143.0,10756516.0,642058.0,17497717.0,0.2661703238199589,0.22002849916664197
603,2016.0,Utah,UT,700587.0,1641427.0,35953.0,2377967.0,0.39564888831510275,0.3495070636617858
604,2016.0,Vermont,VT,1144687.0,543615.0,92917.0,1781219.0,-0.3374498026351617,-0.3835916272884787
605,2016.0,Virginia,VA,1865129.0,2603231.0,123303.0,4591663.0,0.1607482953343919,0.11460647068107493
606,2016.0,Washington,WA,5999585.0,5427064.0,684734.0,12111383.0,-0.047271314927452956,-0.09341313958076991
607,2016.0,West Virginia,WV,1417692.0,1684124.0,36185.0,3138001.0,0.08490500799712936,0.0387631833438124
608,2016.0,Wisconsin,WI,3208680.0,3749522.0,96373.0,7054575.0,0.07666542633680984,0.030523601683492885
609,2016.0,Wyoming,WY,135341.0,422565.0,15237.0,573143.0,0.5011384593373731,0.45499663468405616
